attendance_percentage,internal_percentage,previous_percentage,assignment_percentage,failed_subjects,performance_category
82.0,76.7,62.3,73.5,0,Good
74.3,81.4,79.5,80.8,0,Good
83.8,82.1,60.3,84.7,0,Good
94.3,80.3,52.5,85.3,0,Good
73.2,68.8,50.9,67.5,1,Average
73.2,60.9,74.7,62.7,0,Average
95.0,81.8,53.9,84.2,0,Good
85.2,73.8,87.3,85.7,0,Good
70.4,69.8,45.1,74.8,0,Average
82.5,67.9,86.7,71.1,1,Average
70.4,71.4,70.3,77.2,0,Average
70.4,79.5,66.9,55.9,0,Average
78.9,71.5,62.0,82.4,0,Good
53.0,60.0,72.4,48.8,1,Needs Improvement
55.3,63.7,67.6,60.9,0,Average
69.3,63.3,80.1,59.6,0,Average
63.8,65.1,69.3,57.6,1,Needs Improvement
79.8,73.0,69.7,83.5,0,Good
65.1,64.8,64.0,63.7,0,Average
59.1,54.2,67.4,62.3,1,Needs Improvement
93.6,81.3,71.4,83.4,0,Good
73.3,73.0,49.2,76.8,1,Average
76.8,82.7,53.2,79.9,0,Good
58.9,68.0,76.2,57.7,0,Average
69.5,83.9,69.9,84.8,1,Average
77.3,65.3,66.0,67.4,0,Average
62.2,69.3,68.2,57.4,1,Needs Improvement
80.5,74.8,71.8,73.5,0,Good
68.8,83.8,62.1,88.0,0,Good
72.5,62.0,59.4,73.7,0,Average
68.8,59.5,70.2,63.0,0,Average
98.0,79.0,57.2,81.5,0,Good
75.8,53.5,72.5,62.3,1,Needs Improvement
63.3,58.8,49.3,77.9,0,Average
85.9,70.4,79.3,78.7,0,Good
61.3,63.0,73.2,67.9,1,Needs Improvement
78.5,74.8,70.8,83.2,0,Good
52.5,71.5,78.8,68.2,1,Average
60.1,68.6,86.3,65.5,2,Needs Improvement
78.4,67.4,79.2,70.8,0,Average
84.9,68.7,47.8,74.3,0,Average
78.1,75.8,53.9,76.0,0,Average
74.6,59.2,61.1,72.1,0,Average
72.4,83.1,68.3,78.6,0,Good
58.3,69.4,73.7,72.3,0,Average
67.4,61.7,60.0,65.5,0,Average
70.5,53.6,70.1,63.5,0,Average
88.7,89.0,59.7,72.1,0,Good
80.1,72.2,61.3,81.5,1,Average
54.8,67.8,52.5,67.8,0,Average
79.9,60.2,57.8,76.0,1,Average
71.4,63.0,53.1,47.7,1,Needs Improvement
67.9,65.8,57.3,82.9,0,Average
83.3,75.4,79.6,76.7,0,Good
88.4,74.4,57.6,86.5,0,Good
87.2,82.3,96.0,75.0,0,Good
65.9,56.0,73.4,67.1,0,Average
72.3,67.2,70.0,62.9,0,Average
80.0,73.9,58.6,71.6,1,Average
87.7,81.7,75.7,95.6,1,Average
70.2,72.8,61.7,71.2,0,Average
73.8,60.3,69.3,68.8,0,Average
62.7,50.4,96.0,65.1,0,Average
61.6,72.2,66.9,73.1,1,Average
85.8,79.1,80.6,81.3,0,Good
92.3,74.4,60.3,82.4,0,Good
75.1,82.5,67.6,95.6,0,Good
88.0,78.8,87.5,80.4,0,Good
80.3,82.6,61.1,81.8,0,Good
68.3,66.5,87.9,76.1,0,Average
80.3,89.7,75.8,91.7,0,Good
94.5,95.0,61.8,98.0,0,Good
75.6,68.4,75.0,76.3,0,Average
94.8,89.6,78.7,80.3,0,Good
44.6,56.9,74.8,68.3,3,At Risk
85.9,87.5,50.7,76.5,0,Good
77.0,63.5,60.0,72.0,0,Average
72.4,73.9,65.3,68.4,0,Average
77.1,79.7,67.2,77.5,0,Good
52.1,42.2,74.8,54.1,1,Needs Improvement
73.4,59.6,70.0,69.0,0,Average
80.3,56.9,53.3,70.5,0,Average
93.7,79.1,72.2,94.0,0,Good
69.8,72.6,74.7,75.4,1,Average
66.3,76.8,74.2,71.6,0,Average
70.0,67.6,79.9,76.5,0,Average
87.0,90.2,77.2,94.5,0,Good
79.9,61.9,73.1,61.4,0,Average
69.6,53.2,67.2,66.7,0,Average
82.2,73.9,49.7,81.5,0,Average
77.2,74.4,72.7,73.3,0,Good
87.6,77.3,70.3,89.6,0,Good
67.6,49.0,71.0,58.7,1,Needs Improvement
72.1,67.5,54.0,71.3,0,Average
71.3,57.3,56.1,63.8,1,Needs Improvement
58.4,65.4,79.6,65.4,0,Average
79.6,75.7,67.6,69.0,0,Average
79.1,65.0,75.5,61.1,0,Average
76.1,66.5,68.3,82.2,0,Average
73.2,60.4,68.3,61.2,0,Average
59.0,59.9,78.3,55.7,2,Needs Improvement
71.0,75.2,62.3,58.8,0,Average
71.9,60.2,69.1,62.2,0,Average
66.4,68.9,62.9,60.1,0,Average
74.1,65.2,63.2,81.3,0,Average
80.8,67.2,64.6,79.9,0,Average
98.0,82.9,70.4,81.1,1,Average
78.1,63.6,62.7,86.0,0,Average
79.1,68.0,81.8,79.6,0,Good
75.1,60.5,58.2,65.5,1,Needs Improvement
53.0,72.5,65.9,49.6,2,Needs Improvement
75.7,70.7,63.2,89.1,0,Good
76.7,65.4,83.9,61.0,0,Average
98.0,85.5,70.2,75.6,0,Good
73.7,68.3,79.4,78.4,0,Good
79.6,71.0,51.7,91.5,0,Average
75.6,75.3,70.9,85.0,0,Good
62.0,68.2,77.8,71.7,1,Average
89.7,74.6,68.9,83.4,0,Good
85.0,71.4,79.7,82.2,0,Good
85.5,74.1,62.3,83.0,0,Good
65.1,45.6,83.5,59.3,0,Average
92.8,68.6,93.3,77.9,0,Good
59.2,71.4,64.0,68.0,0,Average
83.0,88.0,63.1,78.6,0,Good
98.0,81.8,84.0,83.3,0,Good
64.1,68.1,85.4,56.4,1,Average
69.2,69.0,62.2,69.6,0,Average
77.2,95.0,63.4,78.7,0,Good
70.0,75.9,64.9,66.2,0,Average
57.4,58.4,53.2,62.7,0,Needs Improvement
76.8,63.4,57.9,79.5,0,Average
63.3,50.1,57.0,65.5,1,Needs Improvement
81.7,75.6,59.6,66.3,0,Average
65.0,57.9,67.6,56.5,0,Average
94.6,70.4,70.6,85.2,0,Good
66.6,59.8,85.1,58.0,0,Average
72.1,59.6,57.0,64.9,1,Needs Improvement
85.8,90.0,78.8,89.6,0,Good
61.2,68.8,65.6,61.0,1,Needs Improvement
78.7,72.2,67.5,75.4,0,Average
91.7,91.9,75.4,79.1,0,Good
56.7,59.6,55.7,57.6,1,Needs Improvement
78.2,65.0,72.2,73.2,0,Average
79.1,84.7,69.8,69.9,0,Good
85.4,80.5,73.4,84.0,0,Good
61.2,53.4,71.2,59.9,1,Needs Improvement
60.2,59.6,95.0,66.7,1,Average
82.3,67.4,61.0,74.9,1,Average
79.6,61.7,62.2,79.3,1,Average
79.0,79.8,61.1,79.5,0,Good
80.2,88.4,61.9,80.2,0,Good
67.8,54.5,61.0,63.5,1,Needs Improvement
78.8,76.8,81.1,80.8,0,Good
79.5,67.5,83.6,72.9,0,Good
67.4,61.6,61.7,66.3,0,Average
98.0,79.1,58.8,79.0,0,Good
81.7,67.1,73.2,68.4,0,Average
61.7,62.4,61.9,54.9,1,Needs Improvement
83.9,68.7,75.0,86.8,0,Good
64.3,65.7,70.2,58.5,0,Average
85.4,75.9,51.3,73.7,0,Average
89.9,77.0,85.0,75.5,0,Good
66.2,57.4,87.8,69.8,0,Average
87.6,72.9,61.3,75.7,0,Good
81.0,79.6,63.7,87.8,0,Good
85.9,80.5,71.1,76.3,0,Good
98.0,76.0,71.7,84.3,0,Good
73.1,69.6,75.2,65.9,0,Average
67.0,71.2,90.1,85.7,1,Average
65.3,50.8,66.1,51.7,0,Needs Improvement
66.2,69.1,59.2,71.6,0,Average
75.1,64.7,52.8,74.3,2,Needs Improvement
80.1,77.6,60.0,80.7,0,Good
79.3,66.5,67.6,70.7,0,Average
85.9,62.1,87.7,70.9,0,Good
76.2,57.7,62.3,67.0,1,Average
93.4,81.5,70.5,82.7,0,Good
72.8,70.8,67.8,79.0,0,Average
98.0,76.6,81.1,98.0,0,Good
83.5,80.2,95.8,76.3,0,Good
65.7,51.1,62.2,50.7,1,Needs Improvement
63.1,62.4,62.6,64.5,1,Needs Improvement
81.8,64.4,79.5,89.8,0,Good
73.3,63.8,75.5,63.3,0,Average
84.6,76.1,88.3,89.9,0,Good
81.7,67.1,74.4,84.8,0,Good
75.1,67.0,64.0,67.2,0,Average
65.8,72.6,74.5,75.0,0,Average
57.8,55.1,80.2,71.3,1,Needs Improvement
70.6,74.1,77.0,70.6,1,Average
86.3,67.7,73.6,73.3,0,Good
78.6,76.4,79.7,72.7,0,Good
61.1,73.2,80.9,62.8,0,Average
78.1,52.1,83.2,59.9,0,Average
80.6,67.0,75.1,64.1,0,Average
65.4,68.9,66.2,69.3,1,Average
77.8,70.1,69.6,68.0,0,Average
76.7,74.0,81.3,76.6,0,Good
62.3,57.5,59.0,51.6,1,Needs Improvement
80.3,73.9,72.1,78.3,0,Good
82.7,73.4,63.7,82.3,0,Good
89.0,87.7,68.3,71.6,0,Good
88.6,80.2,82.1,84.3,0,Good
59.5,63.4,70.1,73.1,0,Average
64.7,60.6,68.5,56.2,0,Average
82.2,70.4,53.0,86.6,1,Average
82.2,70.8,76.2,78.0,0,Good
82.2,77.5,75.1,73.5,0,Good
98.0,80.4,91.8,84.2,0,Good
82.9,77.0,64.6,82.3,0,Good
89.6,95.0,70.4,89.9,0,Good
87.4,84.4,70.7,87.2,0,Good
83.8,72.7,85.4,70.0,0,Good
72.2,77.9,67.0,76.8,1,Average
85.1,72.8,71.1,67.0,0,Good
66.7,48.7,74.7,58.6,1,Needs Improvement
73.2,60.8,70.1,61.0,0,Average
70.2,52.1,63.1,57.0,1,Needs Improvement
77.0,68.4,70.1,80.9,0,Average
98.0,83.9,79.8,94.0,0,Good
53.6,70.6,56.7,70.6,2,Needs Improvement
84.2,78.2,69.5,71.7,0,Good
56.6,57.2,60.3,58.4,1,Needs Improvement
70.3,73.8,81.1,81.5,0,Good
89.1,60.8,51.2,73.1,1,Average
76.8,72.9,61.9,90.7,0,Good
63.1,69.0,72.1,71.2,2,Needs Improvement
67.4,53.6,85.2,63.4,0,Average
84.2,84.6,67.3,80.4,0,Good
67.2,68.0,61.9,70.1,0,Average
78.6,68.8,88.7,71.9,0,Good
76.5,76.0,52.1,80.9,0,Average
68.2,84.1,43.8,84.2,0,Average
98.0,85.3,72.8,81.5,0,Good
83.6,77.1,62.5,69.3,0,Good
51.7,52.3,56.8,43.8,1,At Risk
78.2,65.1,75.8,74.6,0,Average
68.1,72.5,70.7,63.9,0,Average
86.2,69.9,61.8,60.7,0,Average
66.5,65.5,53.9,70.4,0,Average
74.6,66.0,77.6,87.8,0,Good
82.1,78.1,75.2,78.6,0,Good
86.4,79.5,66.9,86.5,0,Good
61.6,70.3,88.3,69.2,1,Average
72.0,64.1,56.2,68.0,0,Average
70.3,65.0,51.2,75.0,0,Average
68.2,58.1,60.4,62.4,2,Needs Improvement
97.2,79.8,67.5,85.9,0,Good
80.9,76.5,70.7,79.8,0,Good
60.9,67.6,65.3,62.4,1,Needs Improvement
87.0,69.8,71.9,83.0,0,Good
98.0,90.8,54.2,88.6,0,Good
88.4,88.9,83.9,80.7,0,Good
57.8,63.0,67.1,67.6,0,Average
70.2,82.1,80.3,70.8,0,Good
91.2,73.5,71.8,79.3,0,Good
67.5,55.5,73.0,63.0,0,Average
81.3,59.6,74.3,76.8,0,Average
85.3,88.1,72.9,88.0,0,Good
64.9,69.2,75.1,68.9,0,Average
75.3,69.7,82.6,78.2,0,Good
37.1,49.5,70.2,60.6,2,At Risk
63.7,54.2,75.8,65.1,1,Needs Improvement
73.0,88.3,67.0,81.1,0,Good
61.0,62.6,83.8,55.4,1,Needs Improvement
95.6,83.2,60.6,77.8,0,Good
58.8,66.1,87.8,63.6,2,Needs Improvement
70.7,71.3,67.6,67.6,0,Average
77.6,73.3,52.3,73.6,0,Average
93.3,74.7,69.4,80.7,0,Good
58.8,64.0,60.5,68.4,1,Needs Improvement
90.0,94.0,77.2,88.5,1,Average
76.1,81.4,60.8,82.0,0,Good
64.2,76.3,63.1,72.9,0,Average
81.5,69.8,47.2,60.6,0,Average
78.4,64.1,63.0,64.0,0,Average
68.8,65.3,41.3,67.3,2,Needs Improvement
76.8,71.5,50.6,65.4,0,Average
71.4,76.6,76.4,78.9,0,Good
77.4,57.9,76.6,77.9,0,Average
83.9,87.6,72.7,92.5,0,Good
95.0,80.8,57.4,82.4,0,Good
61.1,58.3,67.5,72.9,1,Needs Improvement
98.0,75.7,68.0,83.3,0,Good
52.6,43.3,55.3,50.1,2,At Risk
74.2,76.1,84.5,71.0,0,Good
83.1,75.4,77.7,75.5,0,Good
79.4,62.3,65.6,67.2,0,Average
68.5,55.8,68.3,64.6,0,Average
73.5,66.4,70.3,71.4,0,Average
70.1,80.4,45.5,76.2,0,Average
68.9,64.3,65.3,70.9,0,Average
86.2,64.7,60.5,81.5,0,Average
80.3,71.2,57.0,81.3,1,Average
67.7,63.4,64.9,56.6,0,Average
86.8,55.5,87.8,50.9,0,Average
79.7,72.4,75.0,81.6,0,Good
85.8,74.6,61.7,68.5,0,Good
83.6,80.7,74.3,78.8,0,Good
66.1,79.4,83.4,66.3,0,Average
69.3,75.6,78.2,61.0,1,Average
85.0,73.8,68.7,81.2,0,Good
83.3,66.1,60.9,78.4,1,Average
75.7,91.0,75.7,79.2,0,Good
77.4,71.9,72.3,56.0,0,Average
91.3,79.9,77.8,78.5,0,Good
68.9,66.1,75.0,71.5,0,Average
82.6,76.1,79.5,67.5,0,Good
73.6,68.0,62.1,72.4,0,Average
73.4,64.4,82.5,69.1,0,Average
89.2,74.1,70.2,82.9,0,Good
85.9,76.3,90.8,79.7,0,Good
85.8,72.1,60.4,70.0,0,Average
91.7,74.3,87.1,88.0,0,Good
76.3,71.6,70.2,72.6,0,Average
84.2,73.5,60.8,76.8,1,Average
72.3,80.4,62.7,70.3,0,Average
79.9,51.7,64.5,61.7,2,Needs Improvement
74.4,78.4,72.7,70.3,0,Good
77.2,81.3,73.8,77.6,0,Good
83.1,58.3,61.7,81.1,0,Average
66.2,62.0,67.7,56.2,0,Average
98.0,80.8,91.6,73.5,0,Good
63.9,52.1,87.0,70.5,0,Average
61.4,55.6,72.8,59.8,0,Average
89.9,70.1,68.4,72.3,0,Good
85.5,90.3,69.3,93.1,0,Good
83.5,82.6,74.7,77.1,0,Good
83.5,85.3,56.7,95.5,0,Good
75.9,76.3,65.2,80.6,0,Good
65.2,55.1,49.6,58.7,1,Needs Improvement
76.9,66.9,72.4,86.6,0,Good
67.9,69.6,75.1,65.9,0,Average
87.7,67.8,62.7,80.4,0,Good
74.2,75.2,85.3,77.0,0,Good
66.1,62.7,54.5,75.3,1,Needs Improvement
72.1,65.3,51.9,80.2,1,Average
81.0,79.3,70.5,79.1,0,Good
69.2,70.1,79.5,65.5,0,Average
66.1,61.8,86.5,69.0,0,Average
78.9,81.6,63.0,74.7,0,Good
78.9,63.7,79.9,84.6,0,Good
69.9,71.9,67.6,72.9,0,Average
70.3,72.0,66.1,69.5,0,Average
78.8,69.8,77.7,74.8,0,Good
58.6,62.8,75.2,54.5,1,Needs Improvement
59.1,50.5,50.7,51.2,2,At Risk
67.4,72.8,84.2,80.0,0,Good
73.4,67.6,83.2,66.2,0,Average
